{
	"Result":{
		"Node1":{
			"Displacements":[
				[-0.3734504583],
				[0.2656844614],
				[-0.04864054811]
			]
		},
		"Node2":{
			"Displacements":[
				[-0.3735496285],
				[-0.0003832518923]
			]
		},
		"Node3":{
			"Displacements":[
				[-0.3736487986],
				[-0.2670091752],
				[-0.04936106808]
			]
		},
		"Node4":{
			"Displacements":[
				[-0.1072705602],
				[-0.0002874389192],
				[-0.0357568534]
			]
		},
		"Node5":{
			"Displacements":[
				[0],
				[0],
				[0]
			],
			"Reactions":[
				[2.946326058e-08],
				[150000],
				[315000]
			]
		},
		"Element1":{
			"AxialForce":-51751.9493,
			"AxialStress":-3470955.687
		},
		"Element2":{
			"AxialForce":-51751.9493,
			"AxialStress":-3470955.687
		},
		"Element3":{
			"AxialForce":89627.16288,
			"shearForce1":16438.8543,
			"shearForce2":-16438.8543,
			"moment1":-15000,
			"moment2":154488.3042
		},
		"Element4":{
			"AxialForce":54271.82382,
			"shearForce1":18916.48476,
			"shearForce2":-18916.48476,
			"moment1":-3.104716566e-10,
			"moment2":160511.6958
		},
		"Element5":{
			"AxialForce":50000,
			"AxialStress":3353454.058
		},
		"Element6":{
			"AxialForce":150000,
			"shearForce1":2.946326058e-08,
			"shearForce2":-2.945307642e-08,
			"moment1":-315000,
			"moment2":315000
		}
	}
}
