{
		"nodes":[
			[0,0],
			[6,0],
			[12,0],
			[6,6],
			[6,12]
		],
		"elements":[
			[1,2],
			[2,3],
			[3,4],
			[1,4],
			[2,4],
			[4,5]
		],
		"elementType":[
			"l",
			"l",
			"b",
			"b",
			"l",
			"b"
		],
		"fixedMovements0":[
			[0,0,0],
			[0,0,0],
			[0,0,0],
			[0,0,0],
			[1,1,1]
		],
		"A":[
			[0.01491],
			[0.01491],
			[0.01491],
			[0.01491],
			[0.01491],
			[0.01491]
		],
		"E":[
			[2.1e+11],
			[2.1e+11],
			[2.1e+11],
			[2.1e+11],
			[2.1e+11],
			[2.1e+11]
		],
		"I":[
			[0.0002517],
			[0.0002517],
			[0.0002517],
			[0.0002517],
			[0.0002517],
			[0.0002517]
		],
		"appliedForce0":[
			[0,-25000,0],
			[0,-50000,0],
			[0,-75000,-15000],
			[0,0,0],
			[0,0,0]
		],
		"Q":[
			[0],
			[0],
			[0],
			[0],
			[0],
			[0],
			[0]
		],
		"rho":[
			[7850],
			[7850],
			[7850],
			[7850],
			[7850],
			[7850]
		]
}
