{
	"Result":{
		"Node1":{
			"Displacements":[
				[1.473039188],
				[-0.968358097],
				[0.1605908632]
			]
		},
		"Node2":{
			"Displacements":[
				[1.47281089],
				[-0.0007281785954]
			]
		},
		"Node3":{
			"Displacements":[
				[1.472582591],
				[0.9657200436],
				[0.1669841007]
			]
		},
		"Node4":{
			"Displacements":[
				[0.5057040695],
				[-0.0006323656223],
				[0.1481355355]
			]
		},
		"Node5":{
			"Displacements":[
				[0],
				[0],
				[0]
			],
			"Reactions":[
				[-180000],
				[330000],
				[-1845000]
			]
		},
		"Element1":{
			"AxialForce":-119137.5201,
			"AxialStress":-7990444.003
		},
		"Element2":{
			"AxialForce":-119137.5201,
			"AxialStress":-7990444.003
		},
		"Element3":{
			"AxialForce":137275.9569,
			"shearForce1":-31209.93975,
			"shearForce2":31209.93975,
			"moment1":-15000,
			"moment2":-249825.1205
		},
		"Element4":{
			"AxialForce":101920.6179,
			"shearForce1":66565.27881,
			"shearForce2":187993.1624,
			"moment1":-1.193257049e-09,
			"moment2":-515174.8795
		},
		"Element5":{
			"AxialForce":50000,
			"AxialStress":3353454.058
		},
		"Element6":{
			"AxialForce":330000,
			"shearForce1":-180000,
			"shearForce2":180000,
			"moment1":765000,
			"moment2":-1845000
		}
	}
}
